"Name","totalWells","Runtime","eliteSize","mutationRate","numGenerations","populationSize","tournamentSize","finalMSE","monetaryCost","timeCost"
"sparkling-sweep-176","13","966","3","0.1","200","50","4","0.12141548842191696","363568.95732471097","36356.8957324711"
"hopeful-sweep-208","13","445","3","0.15","200","20","3","0.12144488841295242","363141.295069178","36314.129506917794"
"decent-sweep-210","13","797","3","0.15","200","20","6","0.12144242972135544","363139.2285659132","36313.92285659133"
"vague-sweep-268","13","1074","4","0.1","100","100","3","0.120951309800148","363627.98840134137","36362.798840134135"
"olive-sweep-123","13","562","3","0.05","100","50","6","0.11954498291015624","361441.0613515641","36144.106135156406"
"treasured-sweep-102","13","474","2","0.15","200","20","6","0.12146259844303132","363383.94010255794","36338.39401025579"
"curious-sweep-229","13","384","4","0.05","100","50","3","0.12117482721805573","362150.098427995","36215.009842799496"
"lunar-sweep-233","13","1134","4","0.05","100","100","4","0.1209895983338356","363469.75544957427","36346.97554495742"
"usual-sweep-97","13","1579","2","0.15","150","100","3","0.1213829070329666","363756.32223916746","36375.63222391675"
"twilight-sweep-93","13","325","2","0.15","150","20","6","0.12146894633769988","362666.2114037237","36266.621140372365"
"silver-sweep-32","13","1056","2","0.05","200","50","4","0.1214323341846466","363572.2542895453","36357.22542895451"
"lemon-sweep-90","13","1106","2","0.15","100","100","6","0.1214120015501976","363725.19737034553","36372.51973703455"
"elated-sweep-104","13","1051","2","0.15","200","50","4","0.12142868340015411","363626.42815262254","36362.642815262254"
"wild-sweep-215","13","1795","3","0.15","200","100","4","0.12138952314853668","363858.5963695422","36385.85963695422"
"wandering-sweep-158","13","500","3","0.1","100","50","4","0.1201525405049324","363268.67540933785","36326.86754093378"
"ancient-sweep-240","13","691","4","0.05","150","50","6","0.12123149633407591","363229.90903045615","36322.99090304562"
"pious-sweep-140","13","760","3","0.05","200","50","4","0.12148363143205644","363195.6524638362","36319.565246383616"
"glowing-sweep-238","13","1013","4","0.05","150","50","3","0.12152673304080965","362983.6176394381","36298.361763943816"
"amber-sweep-108","13","2072","2","0.15","200","100","6","0.12138403207063676","363774.9468844698","36377.49468844698"
"pious-sweep-70","13","3282","2","0.1","200","100","3","0.12138483673334122","363770.0974157033","36377.00974157032"
"rich-sweep-88","13","1103","2","0.15","100","100","3","0.1213873326778412","363726.94862899394","36372.69486289939"
"dandy-sweep-36","13","2175","2","0.05","200","100","6","0.12141921371221542","363675.7215394953","36367.57215394952"
"earthy-sweep-86","13","529","2","0.15","100","50","4","0.12122110277414322","363427.8164160981","36342.781641609814"
"whole-sweep-172","13","287","3","0.1","200","20","3","0.12150606513023376","362724.0424309885","36272.40424309886"
"ruby-sweep-63","13","1690","2","0.1","150","100","6","0.12140078097581863","363785.52489086904","36378.55248908691"
"gentle-sweep-173","13","296","3","0.1","200","20","4","0.12153620272874832","363396.8692637693","36339.686926376926"
"dark-sweep-250","13","2150","4","0.05","200","100","3","0.12142030894756316","363702.16246325185","36370.21624632519"
"worldly-sweep-135","13","2185","3","0.05","150","100","6","0.1213979497551918","363736.20486336784","36373.62048633678"
"rare-sweep-103","13","1107","2","0.15","200","50","3","0.12141747772693634","363617.0126512525","36361.701265125244"
"neat-sweep-65","13","467","2","0.1","200","20","4","0.12152384966611862","363212.23792935634","36321.22379293564"
"grateful-sweep-269","13","955","4","0.1","100","100","4","0.12142243981361388","363612.1579393736","36361.21579393736"
"smooth-sweep-45","13","538","2","0.1","50","100","6","0.12132683396339417","363279.11669925414","36327.91166992541"
"apricot-sweep-178","13","1614","3","0.1","200","100","3","0.12138982862234116","363795.72430959216","36379.57243095922"
"vivid-sweep-234","13","761","4","0.05","100","100","6","0.12145984917879105","363550.1731092699","36355.01731092699"
"swift-sweep-106","13","2118","2","0.15","200","100","3","0.1213880106806755","363865.35234565847","36386.53523456585"
"wild-sweep-141","13","743","3","0.05","200","50","6","0.1214458867907524","363173.5437967779","36317.35437967779"
"efficient-sweep-284","13","1133","4","0.1","200","50","4","0.12142437696456908","363587.5875006275","36358.75875006275"
"effortless-sweep-100","13","435","2","0.15","200","20","3","0.12152901291847228","363230.2009005942","36323.020090059406"
"pretty-sweep-126","13","1315","3","0.05","100","100","6","0.1214551255106926","363365.7348492108","36336.573484921086"
"solar-sweep-67","13","1093","2","0.1","200","50","3","0.12142807245254517","363751.85623547086","36375.18562354709"
"sandy-sweep-275","13","846","4","0.1","150","50","4","0.12144150584936142","363402.5434232878","36340.25434232879"
"daily-sweep-204","13","891","3","0.15","150","50","6","0.1214132308959961","363633.23360755545","36363.323360755545"
"brisk-sweep-139","13","759","3","0.05","200","50","3","0.12144785374403","363151.8536791944","36315.18536791944"
"ruby-sweep-57","13","347","2","0.1","150","20","6","0.12044750899076462","363148.39958643634","36314.83995864363"
"peach-sweep-34","13","2155","2","0.05","200","100","3","0.1214158460497856","363669.3056127637","36366.93056127637"
"efficient-sweep-194","13","518","3","0.15","100","50","4","0.12113216519355774","363495.85007064504","36349.58500706451"
"magic-sweep-87","13","519","2","0.15","100","50","6","0.1213475838303566","363555.87118986226","36355.58711898623"
"dainty-sweep-168","13","705","3","0.1","150","50","6","0.12144074589014052","363223.77453624","36322.377453624"
"comfy-sweep-195","13","497","3","0.15","100","50","6","0.1202428936958313","363429.1676395075","36342.91676395075"
"fluent-sweep-131","13","1832","3","0.05","150","50","4","0.12145798653364182","363136.692725271","36313.669272527106"
"skilled-sweep-68","13","1097","2","0.1","200","50","4","0.1214226335287094","363662.68084228295","36366.268084228286"
"lucky-sweep-80","13","617","2","0.15","50","100","4","0.1195678561925888","363619.55503622413","36361.95550362242"
"polar-sweep-64","13","427","2","0.1","200","20","3","0.12145134061574936","362984.9286862147","36298.49286862148"
"fast-sweep-270","13","1058","4","0.1","100","100","6","0.12140529602766036","363367.3171540488","36336.73171540488"
"lyric-sweep-278","13","1396","4","0.1","150","100","4","0.12138665467500688","363838.4837434316","36383.84837434317"
"sage-sweep-259","13","610","4","0.1","50","100","3","0.12011131644248962","363500.7143181632","36350.071431816315"
"bright-sweep-105","13","1051","2","0.15","200","50","6","0.12142885476350784","363736.67070501193","36373.667070501186"
"classic-sweep-161","13","1411","3","0.1","100","100","4","0.12130603194236755","363535.4354149053","36353.54354149053"
"good-sweep-277","13","1233","4","0.1","150","100","3","0.12139290571212769","363726.6067835757","36372.66067835757"
"distinctive-sweep-60","13","801","2","0.1","150","50","6","0.12147243320941924","363465.3359213419","36346.53359213418"
"eager-sweep-189","13","524","3","0.15","50","100","6","0.12070905417203905","363755.1643657838","36375.516436578386"
"glowing-sweep-116","13","521","3","0.05","50","100","4","0.11927592754364014","362508.7210661576","36250.87210661576"
"worldly-sweep-281","13","568","4","0.1","200","20","4","0.1202145740389824","362688.67807735794","36268.86780773579"
"silvery-sweep-286","13","2071","4","0.1","200","100","3","0.12138789147138596","363785.99688023137","36378.59968802314"
"polar-sweep-246","13","634","4","0.05","200","20","6","0.1198776587843895","361386.4373698576","36138.64373698575"
"rural-sweep-252","13","1705","4","0.05","200","100","6","0.1213996484875679","363832.64154628466","36383.264154628465"
"chocolate-sweep-180","13","1607","3","0.1","200","100","6","0.12139445543289185","363815.3539359116","36381.535393591155"
"balmy-sweep-239","13","864","4","0.05","150","50","4","0.12149575352668762","363083.1307473406","36308.31307473407"
"sage-sweep-31","13","1044","2","0.05","200","50","3","0.12142281234264374","363435.5496022627","36343.55496022627"
"lilac-sweep-72","13","3572","2","0.1","200","100","6","0.12139283120632172","363805.9910227187","36380.59910227187"
"volcanic-sweep-71","13","3557","2","0.1","200","100","4","0.1213911399245262","363890.477802763","36389.04778027629"
"denim-sweep-132","13","1898","3","0.05","150","50","6","0.12143569439649582","363124.1510680898","36312.415106808985"
"whole-sweep-242","13","1200","4","0.05","150","100","4","0.12138865888118744","363723.38214558014","36372.33821455802"
"ethereal-sweep-142","13","2596","3","0.05","200","100","3","0.12138786911964417","363628.299902512","36362.82999025119"
"decent-sweep-98","13","1595","2","0.15","150","100","4","0.12139397114515305","363820.2499443224","36382.02499443224"
"glad-sweep-51","13","549","2","0.1","100","50","6","0.12149913609027864","363034.1001726335","36303.410017263355"
"sleek-sweep-243","13","1261","4","0.05","150","100","6","0.12142658978700638","363561.92151490273","36356.19215149027"
"generous-sweep-52","13","1059","2","0.1","100","100","3","0.12139864265918732","363692.53598379326","36369.25359837931"
"bumbling-sweep-89","13","1009","2","0.15","100","100","4","0.12132492661476137","363797.5060630533","36379.750606305344"
"splendid-sweep-265","13","540","4","0.1","100","50","3","0.12001816183328629","362855.3874690846","36285.53874690845"
"northern-sweep-276","13","786","4","0.1","150","50","6","0.12143026292324066","363651.5653373093","36365.156533730944"
"lively-sweep-92","13","343","2","0.15","150","20","4","0.1214396134018898","363242.6853166439","36324.26853166438"
"summer-sweep-249","13","1073","4","0.05","200","50","6","0.12149804830551147","363308.52496104536","36330.85249610453"
"fresh-sweep-54","13","1073","2","0.1","100","100","6","0.12141622602939606","363498.5620634984","36349.85620634984"
"comic-sweep-50","13","542","2","0.1","100","50","4","0.12016881257295609","363198.7511260209","36319.8751126021"
"hardy-sweep-166","13","706","3","0.1","150","50","3","0.12146279215812684","363496.7477951516","36349.67477951517"
"helpful-sweep-198","13","796","3","0.15","100","100","6","0.12141997367143632","363665.977012099","36366.59770120989"
"vital-sweep-171","13","1443","3","0.1","150","100","6","0.1214059442281723","363568.6628413206","36356.86628413206"
"polished-sweep-196","13","1316","3","0.15","100","100","3","0.12093713134527206","363757.4130679947","36375.74130679947"
"cool-sweep-169","13","2154","3","0.1","150","100","3","0.1214114874601364","363660.9349977253","36366.093499772534"
"atomic-sweep-66","13","467","2","0.1","200","20","6","0.12148971855640411","362783.1658957084","36278.31658957085"
"smart-sweep-175","13","1254","3","0.1","200","50","3","0.12143009901046752","363645.8726740404","36364.58726740403"
"logical-sweep-99","13","1625","2","0.15","150","100","6","0.12139676511287688","363772.7062770371","36377.27062770372"
"likely-sweep-138","13","305","3","0.05","200","20","6","0.12127502262592316","362142.18793385767","36214.21879338576"
"peach-sweep-285","13","970","4","0.1","200","50","6","0.12140902131795885","363618.66844841914","36361.86684484191"
"sleek-sweep-96","13","820","2","0.15","150","50","6","0.12143950164318083","363609.1410986351","36360.91410986351"
"still-sweep-167","13","2154","3","0.1","150","50","4","0.12141521275043488","363085.1251497314","36308.51251497313"
"golden-sweep-199","13","309","3","0.15","150","20","3","0.12124312669038773","362544.7604872181","36254.47604872181"
"prime-sweep-61","13","1572","2","0.1","150","100","3","0.1213984340429306","363702.6741745557","36370.267417455565"
"grateful-sweep-232","13","1133","4","0.05","100","100","3","0.11998890340328217","363355.5628449508","36335.55628449508"
"dulcet-sweep-164","13","333","3","0.1","150","20","4","0.11978193372488022","362136.8271002939","36213.68271002939"
"clear-sweep-26","13","1851","2","0.05","150","100","4","0.12141858041286469","363587.1236710163","36358.71236710163"
"autumn-sweep-267","13","696","4","0.1","100","50","6","0.12052253633737564","363101.6783044951","36310.16783044952"
"dry-sweep-174","13","305","3","0.1","200","20","6","0.1215795874595642","362668.09214300534","36266.809214300534"
"stellar-sweep-159","13","502","3","0.1","100","50","6","0.12143903970718384","362937.9188170372","36293.79188170372"
"visionary-sweep-107","13","2061","2","0.15","200","100","4","0.121382936835289","363834.3902716218","36383.439027162174"
"deep-sweep-124","13","1035","3","0.05","100","100","3","0.1214783936738968","363320.57311836706","36332.05731183671"
"sparkling-sweep-125","13","1217","3","0.05","100","100","4","0.12151399999856947","363595.6431337197","36359.56431337197"
"serene-sweep-207","13","1377","3","0.15","150","100","6","0.12138772010803224","363831.22681703034","36383.12268170303"
"fine-sweep-129","13","451","3","0.05","150","20","6","0.12013227492570876","360530.3414034302","36053.03414034302"
"deep-sweep-280","13","441","4","0.1","200","20","3","0.1206752061843872","363161.8762259376","36316.18762259375"
"copper-sweep-193","13","525","3","0.15","100","50","3","0.12068627774715424","363540.1882438463","36354.018824384635"
"unique-sweep-49","13","548","2","0.1","100","50","3","0.12047907710075378","363258.4985768067","36325.84985768066"
"polished-sweep-69","13","1094","2","0.1","200","50","6","0.1214096173644066","363566.45209545415","36356.64520954541"
"hearty-sweep-209","13","929","3","0.15","200","20","4","0.12152397632598876","362936.1441199783","36293.61441199782"
"sandy-sweep-205","13","1151","3","0.15","150","100","3","0.1213853731751442","363815.47747672093","36381.54774767209"
"blooming-sweep-203","13","896","3","0.15","150","50","4","0.12141628563404085","363442.968835264","36344.2968835264"
"woven-sweep-91","13","351","2","0.15","150","20","3","0.12109185755252838","362816.16084190714","36281.61608419071"
"whole-sweep-272","13","323","4","0.1","150","20","4","0.11959827691316605","362056.9559344808","36205.69559344808"
"quiet-sweep-282","13","543","4","0.1","200","20","6","0.12153331190347672","362770.8553358037","36277.085533580364"
"ethereal-sweep-162","13","1411","3","0.1","100","100","6","0.12141332030296326","363633.74926999555","36363.37492699956"
"dark-sweep-248","13","1073","4","0.05","200","50","4","0.12148654460906982","363263.9532455264","36326.395324552635"
"fluent-sweep-144","13","2548","3","0.05","200","100","6","0.12140056490898132","363616.3581769352","36361.63581769353"
"silvery-sweep-241","13","1196","4","0.05","150","100","3","0.12121811509132384","363692.0167053874","36369.20167053873"
"glowing-sweep-134","13","2500","3","0.05","150","100","4","0.1214108020067215","363440.3359248998","36344.03359248997"
"iconic-sweep-130","13","1778","3","0.05","150","50","3","0.12116367369890212","363188.8153621529","36318.88153621529"
"super-sweep-179","13","1571","3","0.1","200","100","4","0.12139350920915604","363733.88500404824","36373.38850040482"
"summer-sweep-213","13","1014","3","0.15","200","50","6","0.1214202418923378","363709.34997485235","36370.93499748522"
"clear-sweep-201","13","321","3","0.15","150","20","6","0.12150202691555025","363264.7986021904","36326.47986021903"
"sparkling-sweep-160","13","946","3","0.1","100","100","3","0.1214003562927246","363686.9371795273","36368.69371795272"
"fearless-sweep-247","13","1078","4","0.05","200","50","3","0.12144839763641356","363413.6293458494","36341.36293458495"
"dulcet-sweep-214","13","2813","3","0.15","200","100","3","0.1213809847831726","363821.3271009144","36382.13271009144"
"youthful-sweep-283","13","1138","4","0.1","200","50","3","0.1214151605963707","363689.3393061235","36368.933930612344"
"proud-sweep-200","13","474","3","0.15","150","20","4","0.12086809426546095","362851.43017687503","36285.1430176875"
"peachy-sweep-143","13","2574","3","0.05","200","100","4","0.12140710651874542","363526.53290218546","36352.65329021854"
"colorful-sweep-202","13","896","3","0.15","150","50","3","0.12142334133386612","363586.7075981634","36358.670759816334"
"serene-sweep-170","13","2154","3","0.1","150","100","4","0.12139695137739182","363826.62258535594","36382.66225853559"
"dainty-sweep-197","13","815","3","0.15","100","100","4","0.12141574919223784","363725.33813122415","36372.53381312241"
"different-sweep-216","13","1794","3","0.15","200","100","6","0.1213865578174591","363816.71950659057","36381.67195065906"
"gentle-sweep-95","13","817","2","0.15","150","50","4","0.12140925228595734","363664.9561017848","36366.4956101785"
"northern-sweep-133","13","5860","3","0.05","150","100","3","0.12140396982431412","363656.0978445192","36365.60978445192"
"blooming-sweep-56","13","325","2","0.1","150","20","4","0.12155421078205109","361799.035685339","36179.903568533904"
"crimson-sweep-27","13","1849","2","0.05","150","100","6","0.12143649905920029","363682.9602718048","36368.29602718048"
"misty-sweep-212","13","1017","3","0.15","200","50","4","0.12141458690166472","363572.84437468665","36357.28443746866"
"silver-sweep-62","13","1649","2","0.1","150","100","4","0.12138692289590836","363660.1317714275","36366.01317714276"
"distinctive-sweep-279","13","1395","4","0.1","150","100","6","0.12138935178518297","363766.41547440423","36376.64154744042"
"visionary-sweep-59","13","808","2","0.1","150","50","4","0.12142592668533324","363345.5432646274","36334.55432646274"
"ruby-sweep-117","13","536","3","0.05","50","100","6","0.12041745334863664","363296.67109764647","36329.66710976465"
"logical-sweep-188","13","534","3","0.15","50","100","4","0.12046613544225691","363544.56639998953","36354.45663999896"
"blooming-sweep-35","13","2210","2","0.05","200","100","4","0.12140407413244247","363739.66678069055","36373.96667806905"
"driven-sweep-101","13","435","2","0.15","200","20","4","0.12143643945455553","363300.4745713559","36330.04745713559"
"cool-sweep-33","13","1057","2","0.05","200","50","6","0.12143337726593018","363241.5815433281","36324.1581543328"
"golden-sweep-58","13","813","2","0.1","150","50","3","0.12137775868177414","363251.76932334166","36325.176932334165"
"young-sweep-274","13","953","4","0.1","150","50","3","0.12147267162799837","363422.0341474102","36342.203414741016"
"leafy-sweep-206","13","1377","3","0.15","150","100","4","0.12138129770755768","363798.08337909513","36379.80833790952"
"dry-sweep-177","13","956","3","0.1","200","50","6","0.12144137918949129","363618.4496570983","36361.844965709824"
"faithful-sweep-266","13","532","4","0.1","100","50","4","0.12123344838619232","363289.8628068205","36328.986280682046"
"light-sweep-211","13","1017","3","0.15","200","50","3","0.12141218036413191","363737.0224922458","36373.702249224574"
"gallant-sweep-94","13","774","2","0.15","150","50","3","0.1214180439710617","363717.8395550237","36371.78395550236"
"giddy-sweep-55","13","325","2","0.1","150","20","3","0.12135028094053268","362416.5150217424","36241.65150217424"
"worldly-sweep-251","13","1677","4","0.05","200","100","4","0.12138959765434264","363605.85829549434","36360.58582954943"
"honest-sweep-154","14","226","3","0.1","100","20","3","0.11878208070993423","388280.1044140132","38828.01044140132"
"worldly-sweep-258","14","278","4","0.1","50","50","6","0.1175789311528206","390563.5906554507","39056.359065545075"
"worthy-sweep-30","14","752","2","0.05","200","20","6","0.11949335038661955","389651.1034709361","38965.110347093614"
"balmy-sweep-53","14","1134","2","0.1","100","100","4","0.12099384516477583","391580.99623513967","39158.09962351396"
"drawn-sweep-244","14","449","4","0.05","200","20","3","0.11788064241409302","390310.3041900869","39031.030419008704"
"toasty-sweep-273","14","343","4","0.1","150","20","6","0.12074685096740724","389746.7438540629","38974.67438540629"
"drawn-sweep-29","14","734","2","0.05","200","20","4","0.11986023932695387","389924.9240616845","38992.49240616845"
"charmed-sweep-271","14","373","4","0.1","150","20","3","0.11736391484737396","390398.36905204854","39039.83690520486"
"charmed-sweep-187","14","572","3","0.15","50","100","3","0.1170547977089882","391155.30760726694","39115.53076072668"
"deep-sweep-223","14","487","4","0.05","50","100","3","0.11929738521575928","390940.6750454887","39094.06750454886"
"smart-sweep-121","14","588","3","0.05","100","50","3","0.11918386071920396","390196.37321345066","39019.637321345064"
"smooth-sweep-163","14","338","3","0.1","150","20","3","0.11699438840150832","390645.66745000903","39064.56674500091"
"honest-sweep-82","14","232","2","0.15","100","20","3","0.11872993409633636","390922.51793578657","39092.25179357865"
"earnest-sweep-224","14","518","4","0.05","50","100","4","0.11900945007801056","390508.89310718","39050.889310718005"
"devoted-sweep-137","14","493","3","0.05","200","20","4","0.1186118796467781","390051.89222560666","39005.189222560664"
"lively-sweep-115","14","569","3","0.05","50","100","3","0.11756078898906708","391048.6543717072","39104.86543717071"
"dulcet-sweep-151","14","534","3","0.1","50","100","3","0.11857834458351137","391357.0875475725","39135.70875475723"
"likely-sweep-83","14","228","2","0.15","100","20","4","0.11905897408723833","391196.73036280024","39119.67303628003"
"glamorous-sweep-292","14","320","4","0.15","50","50","3","0.11671635508537292","391139.0173517544","39113.90173517544"
"fluent-sweep-79","14","862","2","0.15","50","100","3","0.11903951317071916","391285.50547324686","39128.55054732468"
"sunny-sweep-236","14","319","4","0.05","150","20","4","0.11679964512586594","388980.832309403","38898.083230940305"
"sweepy-sweep-152","14","804","3","0.1","50","100","4","0.118709534406662","391266.147567223","39126.61475672231"
"legendary-sweep-230","14","521","4","0.05","100","50","4","0.11810573935508728","390062.0859974435","39006.20859974434"
"rural-sweep-260","14","604","4","0.1","50","100","4","0.118319533765316","391078.9855729642","39107.89855729642"
"worldly-sweep-155","14","380","3","0.1","100","20","4","0.11875544488430025","389593.8906419855","38959.38906419856"
"toasty-sweep-261","14","362","4","0.1","50","100","6","0.11849042773246764","391152.8222140596","39115.28222140597"
"effortless-sweep-231","14","588","4","0.05","100","50","6","0.11980579793453217","389988.4353430781","38998.84353430781"
"fresh-sweep-157","14","534","3","0.1","100","50","3","0.11885514855384828","391122.9423758419","39112.2942375842"
"lemon-sweep-85","14","556","2","0.15","100","50","3","0.12046381831169128","391454.2547033456","39145.42547033455"
"trim-sweep-81","14","584","2","0.15","50","100","6","0.11993375420570374","391351.72998741857","39135.17299874186"
"earnest-sweep-186","15","302","3","0.15","50","50","6","0.1168229952454567","418330.65356492787","41833.065356492785"
"soft-sweep-76","15","718","2","0.15","50","50","3","0.11526598036289216","418993.142925035","41899.31429250351"
"misty-sweep-122","15","626","3","0.05","100","50","4","0.1184895485639572","418301.94253829634","41830.194253829635"
"fearless-sweep-190","15","256","3","0.15","100","20","3","0.11365726590156557","418356.91750148975","41835.69175014898"
"dainty-sweep-48","15","260","2","0.1","100","20","6","0.11466454714536668","417550.9756211025","41755.097562110255"
"splendid-sweep-112","15","300","3","0.05","50","50","3","0.11569052934646606","418193.6483533933","41819.36483533933"
"quiet-sweep-44","15","602","2","0.1","50","100","4","0.1164262443780899","419078.1351675924","41907.813516759226"
"young-sweep-245","15","741","4","0.05","200","20","4","0.11745703220367432","418043.1267763815","41804.312677638154"
"graceful-sweep-263","15","258","4","0.1","100","20","4","0.11435147374868392","416740.28980919346","41674.02898091934"
"lively-sweep-136","15","1180","3","0.05","200","20","3","0.11757266521453856","417618.17861190304","41761.81786119029"
"smart-sweep-77","15","706","2","0.15","50","50","4","0.1149878203868866","418804.81622376246","41880.48162237623"
"sleek-sweep-226","15","253","4","0.05","100","20","3","0.11595576256513596","414571.6472467623","41457.16472467623"
"upbeat-sweep-156","15","361","3","0.1","100","20","6","0.1158791109919548","417574.00286095985","41757.40028609599"
"absurd-sweep-84","15","244","2","0.15","100","20","6","0.11603181064128876","418124.8907153086","41812.48907153084"
"decent-sweep-128","15","355","3","0.05","150","20","4","0.11947423219680786","417248.9179473842","41724.89179473841"
"generous-sweep-148","15","265","3","0.1","50","50","3","0.1177433580160141","417749.134520897","41774.91345208969"
"breezy-sweep-192","15","231","3","0.15","100","20","6","0.11697226762771606","418296.50970634987","41829.65097063498"
"true-sweep-222","15","248","4","0.05","50","50","6","0.11523213237524033","416237.0712900222","41623.707129002214"
"lilac-sweep-127","15","353","3","0.05","150","20","3","0.115676648914814","416930.74686070805","41693.0746860708"
"treasured-sweep-153","15","641","3","0.1","50","100","6","0.11786308884620668","419231.9600918541","41923.1960091854"
"volcanic-sweep-257","15","286","4","0.1","50","50","4","0.1167859360575676","417972.3918157801","41797.23918157801"
"cosmic-sweep-185","15","586","3","0.15","50","50","4","0.1156785860657692","418082.6062971453","41808.26062971452"
"ethereal-sweep-43","15","614","2","0.1","50","100","3","0.1185198724269867","419242.5852411828","41924.25852411829"
"wild-sweep-149","15","307","3","0.1","50","50","4","0.11477626860141754","418112.5696117404","41811.25696117403"
"cerulean-sweep-191","15","255","3","0.15","100","20","4","0.11569719016551971","417413.39212826535","41741.33921282654"
"iconic-sweep-165","15","965","3","0.1","150","20","6","0.1169576421380043","417938.3128854132","41793.8312885413"
"still-sweep-237","16","374","4","0.05","150","20","6","0.11417683959007265","445396.3967709557","44539.63967709556"
"lively-sweep-42","16","335","2","0.1","50","50","6","0.11761264503002168","445990.34502604057","44599.03450260405"
"sleek-sweep-4","16","117","2","0.05","50","50","3","0.11318116635084152","443560.4089057055","44356.04089057055"
"eager-sweep-113","16","319","3","0.05","50","50","4","0.1135254055261612","444216.7530495572","44421.67530495572"
"frosty-sweep-150","16","325","3","0.1","50","50","6","0.11690471321344376","446217.57827846194","44621.757827846195"
"earnest-sweep-225","16","699","4","0.05","50","100","6","0.11604823917150496","446837.8518451555","44683.78518451555"
"quiet-sweep-74","16","143","2","0.15","50","20","4","0.11144906282424928","443054.0455731451","44305.404557314505"
"solar-sweep-46","16","265","2","0.1","100","20","3","0.11527188867330553","444874.8813487104","44487.48813487104"
"pretty-sweep-47","16","263","2","0.1","100","20","4","0.11475620418787004","444980.4607509453","44498.04607509454"
"deft-sweep-5","16","159","2","0.05","50","50","4","0.11440667510032654","442925.6816739382","44292.568167393816"
"upbeat-sweep-78","16","829","2","0.15","50","50","6","0.11711109429597856","446794.75774034264","44679.47577403426"
"sleek-sweep-40","16","340","2","0.1","50","50","3","0.11770405620336533","446141.4439526632","44614.14439526631"
"jolly-sweep-264","16","266","4","0.1","100","20","6","0.1145918220281601","444609.6095839088","44460.96095839086"
"vague-sweep-228","16","430","4","0.05","100","20","6","0.1131742224097252","444269.468436548","44426.9468436548"
"stoic-sweep-41","17","354","2","0.1","50","50","4","0.11314644664525986","474369.2274803698","47436.922748036974"
"quiet-sweep-217","17","157","4","0.05","50","20","3","0.10841262340545654","467327.67791287694","46732.76779128769"
"sleek-sweep-182","17","134","3","0.15","50","20","4","0.10974133014678956","471544.83193811856","47154.48319381186"
"daily-sweep-293","17","323","4","0.15","50","50","4","0.11259952187538148","474918.3232382853","47491.83232382853"
"radiant-sweep-119","17","295","3","0.05","100","20","4","0.1108274906873703","470195.9937841292","47019.59937841292"
"peach-sweep-235","17","542","4","0.05","150","20","3","0.11209628731012344","473065.2599512216","47306.52599512215"
"desert-sweep-262","17","325","4","0.1","100","20","3","0.1128670647740364","472971.4897789828","47297.14897789828"
"silvery-sweep-118","17","286","3","0.05","100","20","3","0.1113462895154953","470115.12739763624","47011.51273976363"
"golden-sweep-289","17","151","4","0.15","50","20","3","0.10999556630849838","471739.5402637388","47173.95402637387"
"floral-sweep-220","18","1257","4","0.05","50","50","3","0.11195429414510728","500624.6569492051","50062.46569492053"
"daily-sweep-256","18","620","4","0.1","50","50","3","0.11278843134641647","502053.5581890918","50205.355818909185"
"spring-sweep-221","18","308","4","0.05","50","50","4","0.10834931582212448","501006.7664424105","50100.67664424103"
"spring-sweep-184","18","794","3","0.15","50","50","3","0.11257628351449966","502310.49882499664","50231.04988249966"
"pleasant-sweep-120","18","294","3","0.05","100","20","6","0.11074279993772508","497574.8221245971","49757.48221245972"
"astral-sweep-75","19","170","2","0.15","50","20","6","0.1054019033908844","526520.4139625591","52652.04139625591"
"leafy-sweep-183","19","148","3","0.15","50","20","6","0.1059485375881195","526120.6214057299","52612.06214057299"
"morning-sweep-290","19","144","4","0.15","50","20","4","0.10512959212064744","526565.5843265082","52656.55843265082"
"fragrant-sweep-291","19","169","4","0.15","50","20","6","0.10452341288328172","528077.16798512","52807.716798512"
"hardy-sweep-114","19","386","3","0.05","50","50","6","0.11116522550582886","528920.0124884604","52892.00124884605"
"vital-sweep-146","20","132","3","0.1","50","20","4","0.10563334077596664","554168.1577215199","55416.81577215199"
"autumn-sweep-227","20","461","4","0.05","100","20","4","0.1057097315788269","551159.2815200924","55115.92815200924"
"crimson-sweep-219","21","162","4","0.05","50","20","6","0.09968475997447968","573256.8148593477","57325.68148593477"
"noble-sweep-255","21","163","4","0.1","50","20","6","0.10394751280546188","579944.7423892079","57994.47423892079"
"gentle-sweep-181","21","166","3","0.15","50","20","3","0.10168655961751938","582960.1872821789","58296.01872821789"
"eager-sweep-39","21","220","2","0.1","50","20","6","0.10394369065761566","584063.3161054115","58406.331610541136"
"splendid-sweep-254","21","162","4","0.1","50","20","4","0.1014995127916336","575962.2931248453","57596.22931248453"
"light-sweep-145","21","1321","3","0.1","50","20","3","0.09895214438438416","576961.94632221","57696.194632221006"
"divine-sweep-110","21","175","3","0.05","50","20","4","0.09757113456726074","576383.2126090729","57638.32126090729"
"grateful-sweep-37","22","210","2","0.1","50","20","3","0.10021165758371352","608943.2860485427","60894.32860485425"
"copper-sweep-73","22","190","2","0.15","50","20","3","0.10206347703933716","611317.9460678027","61131.79460678029"
"vivid-sweep-253","22","176","4","0.1","50","20","3","0.09892039746046066","607244.4667725656","60724.44667725657"
"silver-sweep-111","24","197","3","0.05","50","20","6","0.09068310260772704","661349.6538971937","66134.96538971935"
"northern-sweep-3","24","49","2","0.05","50","20","6","0.09757306426763536","659326.2844323749","65932.62844323747"
"cosmic-sweep-1","24","55","2","0.05","50","20","3","0.0949523225426674","659813.606417509","65981.3606417509"
"cosmic-sweep-147","25","167","3","0.1","50","20","6","0.0938284769654274","692607.1574711094","69260.71574711094"
"apricot-sweep-109","25","198","3","0.05","50","20","3","0.09543588757514954","688769.6960179942","68876.96960179941"
"vocal-sweep-2","26","59","2","0.05","50","20","4","0.0914132222533226","713232.841479001","71323.28414790009"
"rich-sweep-218","26","204","4","0.05","50","20","4","0.09179084748029707","709159.1177355942","70915.91177355943"
"vocal-sweep-38","28","281","2","0.1","50","20","4","0.08669009059667587","772185.989089714","77218.5989089714"
"northern-sweep-317","","61","4","0.15","200","20","4","","",""
"eternal-sweep-287","","5692","4","0.1","200","100","4","","",""
"vibrant-sweep-23","","43","2","0.05","150","50","4","","",""
"glad-sweep-302","","53","4","0.15","100","50","4","","",""
"hopeful-sweep-316","","66","4","0.15","200","20","3","","",""
"glowing-sweep-319","","54","4","0.15","200","50","3","","",""
"pious-sweep-303","","53","4","0.15","100","50","6","","",""
"gentle-sweep-288","","5690","4","0.1","200","100","6","","",""
"jumping-sweep-298","","37","4","0.15","100","20","3","","",""
"youthful-sweep-18","","8","2","0.05","100","100","6","","",""
"likely-sweep-322","","28","4","0.15","200","100","3","","",""
"flowing-sweep-9","","222","2","0.05","50","100","6","","",""
"ruby-sweep-25","","40","2","0.05","150","100","3","","",""
"polar-sweep-304","","27","4","0.15","100","100","3","","",""
"hearty-sweep-311","","93","4","0.15","150","50","4","","",""
"youthful-sweep-24","","42","2","0.05","150","50","6","","",""
"solar-sweep-13","","187","2","0.05","100","50","3","","",""
"distinctive-sweep-12","","187","2","0.05","100","20","6","","",""
"trim-sweep-305","","27","4","0.15","100","100","4","","",""
"stellar-sweep-299","","35","4","0.15","100","20","4","","",""
"eager-sweep-321","","29","4","0.15","200","50","6","","",""
"grateful-sweep-313","","32","4","0.15","150","100","3","","",""
"curious-sweep-11","","188","2","0.05","100","20","4","","",""
"happy-sweep-312","","34","4","0.15","150","50","6","","",""
"morning-sweep-315","","36","4","0.15","150","100","6","","",""
"super-sweep-296","","38","4","0.15","50","100","4","","",""
"peachy-sweep-300","","54","4","0.15","100","20","6","","",""
"resilient-sweep-324","","30","4","0.15","200","100","6","","",""
"royal-sweep-22","","44","2","0.05","150","50","3","","",""
"crimson-sweep-320","","28","4","0.15","200","50","4","","",""
"sweepy-sweep-307","","26","4","0.15","150","20","3","","",""
"gallant-sweep-6","","311","2","0.05","50","50","6","","",""
"drawn-sweep-17","","8","2","0.05","100","100","4","","",""
"feasible-sweep-297","","37","4","0.15","50","100","6","","",""
"woven-sweep-308","","95","4","0.15","150","20","4","","",""
"earnest-sweep-323","","27","4","0.15","200","100","4","","",""
"silver-sweep-309","","94","4","0.15","150","20","6","","",""
"wild-sweep-28","","65445","2","0.05","200","20","3","","",""
"good-sweep-16","","8","2","0.05","100","100","3","","",""
"fancy-sweep-318","","58","4","0.15","200","20","6","","",""
"ethereal-sweep-310","","94","4","0.15","150","50","3","","",""
"stilted-sweep-20","","10","2","0.05","150","20","4","","",""
"graceful-sweep-15","","183","2","0.05","100","50","6","","",""
"rosy-sweep-294","","4382","4","0.15","50","50","6","","",""
"sleek-sweep-295","","4361","4","0.15","50","100","3","","",""
"fluent-sweep-301","","53","4","0.15","100","50","3","","",""
"likely-sweep-306","","27","4","0.15","100","100","6","","",""
"fast-sweep-8","","255","2","0.05","50","100","4","","",""
"valiant-sweep-21","","43","2","0.05","150","20","6","","",""
"rosy-sweep-7","","279","2","0.05","50","100","3","","",""
"peach-sweep-14","","187","2","0.05","100","50","4","","",""
"stoic-sweep-19","","8","2","0.05","150","20","3","","",""
"rosy-sweep-10","","186","2","0.05","100","20","3","","",""
"zany-sweep-314","","37","4","0.15","150","100","4","","",""